 {"imgGal": [
	{"imgName": "pic1", 
	"imageFile":"images/pic1.jpg",
	 "description":"Pic 1 Description"
	
	},{
	"imgName":"Pic2",
	"imageFile":"images/pic2.jpg",
		 "description":"Pic 2 Description"
		
	},
	{"imgName": "Pic3", 
	"imageFile":"images/pic3.jpg",
	  "description":"Pic 3 Description."
	  
	},
	 {"imgName": "Pic4", 
	"imageFile":"images/pic4.jpg",
	  "description":"Pic 4 Description."
	  
	},
	 {"imgName": "Pic5", 
	"imageFile":"images/pic5.jpg",
	  "description":"Pic 5 Description."
	  
	}
]}