{"mixes" : [
	{"mixName": "Into The Groove", 
	"imageFile":"https://drive.google.com/open?id=1pehmp54v1NosdbcfExejejmC8e5hsTt4",
	"DateRecorded":"01-25-2018",
	"Genre":"House"},{
	"mixName":"In Through the ear, Straight to the Heart",
	"imageFile":"https://drive.google.com/open?id=1e7VA76xIA6XuZomiPNro0xIR5YGVGHjV",
	"DateRecorded":"04-23-2018",
	"Genre":"Tribal House"},
	{"mixName": "Iz a DJ", 
	"imageFile":"https://drive.google.com/open?id=1M7Uwe1FQwfxF7W9_6ggdCP8XA595bDnc",
	"DateRecorded":"07-08-2018",
	"Genre":"Progressive House"}
]}